geo,year,tech,weighted_average_LCOE(USD/KWh),reference_year,note,,,,,,,,,,,,,,,,,,,,,,,,,,,,,,,,,,,,,,,,
Europe,2016,Biomass,0.07114,2016,,,,,,,,,,,,,,,,,,,,,,,,,,,,,,,,,,,,,,,,,
Europe,2017,Biomass,0.07114,2016,,,,,,,,,,,,,,,,,,,,,,,,,,,,,,,,,,,,,,,,,
Europe,2018,Biomass,0.07900,2018,,,,,,,,,,,,,,,,,,,,,,,,,,,,,,,,,,,,,,,,,
Europe,2019,Biomass,0.07987,2019,,,,,,,,,,,,,,,,,,,,,,,,,,,,,,,,,,,,,,,,,
Europe,2020,Biomass,0.08800,2020,,,,,,,,,,,,,,,,,,,,,,,,,,,,,,,,,,,,,,,,,
global,2010,Biomass,0.07624,2020,,,,,,,,,,,,,,,,,,,,,,,,,,,,,,,,,,,,,,,,,
global,2011,Biomass,0.05583,2020,,,,,,,,,,,,,,,,,,,,,,,,,,,,,,,,,,,,,,,,,
global,2012,Biomass,0.06134,2020,,,,,,,,,,,,,,,,,,,,,,,,,,,,,,,,,,,,,,,,,
global,2013,Biomass,0.08198,2020,,,,,,,,,,,,,,,,,,,,,,,,,,,,,,,,,,,,,,,,,
global,2014,Biomass,0.08279,2020,,,,,,,,,,,,,,,,,,,,,,,,,,,,,,,,,,,,,,,,,
global,2015,Biomass,0.07364,2020,,,,,,,,,,,,,,,,,,,,,,,,,,,,,,,,,,,,,,,,,
global,2016,Biomass,0.07253,2020,,,,,,,,,,,,,,,,,,,,,,,,,,,,,,,,,,,,,,,,,
global,2017,Biomass,0.07304,2020,,,,,,,,,,,,,,,,,,,,,,,,,,,,,,,,,,,,,,,,,
global,2018,Biomass,0.05705,2020,,,,,,,,,,,,,,,,,,,,,,,,,,,,,,,,,,,,,,,,,
global,2019,Biomass,0.06627,2020,,,,,,,,,,,,,,,,,,,,,,,,,,,,,,,,,,,,,,,,,
global,2020,Biomass,0.07623,2020,,,,,,,,,,,,,,,,,,,,,,,,,,,,,,,,,,,,,,,,,
global,2009,Concentrating solar power,0.34000,2016,,,,,,,,,,,,,,,,,,,,,,,,,,,,,,,,,,,,,,,,,
global,2010,Concentrating solar power,0.33982,2020,,,,,,,,,,,,,,,,,,,,,,,,,,,,,,,,,,,,,,,,,
global,2011,Concentrating solar power,0.33570,2020,,,,,,,,,,,,,,,,,,,,,,,,,,,,,,,,,,,,,,,,,
global,2012,Concentrating solar power,0.33073,2020,,,,,,,,,,,,,,,,,,,,,,,,,,,,,,,,,,,,,,,,,
global,2013,Concentrating solar power,0.24887,2020,,,,,,,,,,,,,,,,,,,,,,,,,,,,,,,,,,,,,,,,,
global,2014,Concentrating solar power,0.21738,2020,,,,,,,,,,,,,,,,,,,,,,,,,,,,,,,,,,,,,,,,,
global,2015,Concentrating solar power,0.22438,2020,,,,,,,,,,,,,,,,,,,,,,,,,,,,,,,,,,,,,,,,,
global,2016,Concentrating solar power,0.25396,2020,,,,,,,,,,,,,,,,,,,,,,,,,,,,,,,,,,,,,,,,,
global,2017,Concentrating solar power,0.21565,2020,,,,,,,,,,,,,,,,,,,,,,,,,,,,,,,,,,,,,,,,,
global,2018,Concentrating solar power,0.15189,2020,,,,,,,,,,,,,,,,,,,,,,,,,,,,,,,,,,,,,,,,,
global,2019,Concentrating solar power,0.21157,2020,,,,,,,,,,,,,,,,,,,,,,,,,,,,,,,,,,,,,,,,,
global,2020,Concentrating solar power,0.10836,2020,,,,,,,,,,,,,,,,,,,,,,,,,,,,,,,,,,,,,,,,,
global,2021,Concentrating solar power,0.07510,2019,,,,,,,,,,,,,,,,,,,,,,,,,,,,,,,,,,,,,,,,,
Europe,2016,Geothermal,0.08259,2016,,,,,,,,,,,,,,,,,,,,,,,,,,,,,,,,,,,,,,,,,
Europe,2017,Geothermal,0.08259,2016,,,,,,,,,,,,,,,,,,,,,,,,,,,,,,,,,,,,,,,,,
Europe,2020,Geothermal,0.08756,2020,,,,,,,,,,,,,,,,,,,,,,,,,,,,,,,,,,,,,,,,,
global,2007,Geothermal,0.04889,2020,,,,,,,,,,,,,,,,,,,,,,,,,,,,,,,,,,,,,,,,,
global,2008,Geothermal,0.04299,2020,,,,,,,,,,,,,,,,,,,,,,,,,,,,,,,,,,,,,,,,,
global,2009,Geothermal,0.07329,2020,,,,,,,,,,,,,,,,,,,,,,,,,,,,,,,,,,,,,,,,,
global,2010,Geothermal,0.04920,2020,,,,,,,,,,,,,,,,,,,,,,,,,,,,,,,,,,,,,,,,,
global,2010,Geothermal,0.04920,2020,,,,,,,,,,,,,,,,,,,,,,,,,,,,,,,,,,,,,,,,,
global,2011,Geothermal,,2020,,,,,,,,,,,,,,,,,,,,,,,,,,,,,,,,,,,,,,,,,
global,2011,Geothermal,0.08537,2020,,,,,,,,,,,,,,,,,,,,,,,,,,,,,,,,,,,,,,,,,
global,2012,Geothermal,0.08537,2020,,,,,,,,,,,,,,,,,,,,,,,,,,,,,,,,,,,,,,,,,
global,2012,Geothermal,0.06207,2020,,,,,,,,,,,,,,,,,,,,,,,,,,,,,,,,,,,,,,,,,
global,2013,Geothermal,0.06473,2020,,,,,,,,,,,,,,,,,,,,,,,,,,,,,,,,,,,,,,,,,
global,2013,Geothermal,0.06418,2020,,,,,,,,,,,,,,,,,,,,,,,,,,,,,,,,,,,,,,,,,
global,2014,Geothermal,0.06659,2020,,,,,,,,,,,,,,,,,,,,,,,,,,,,,,,,,,,,,,,,,
global,2014,Geothermal,0.06066,2020,,,,,,,,,,,,,,,,,,,,,,,,,,,,,,,,,,,,,,,,,
global,2015,Geothermal,0.06066,2020,,,,,,,,,,,,,,,,,,,,,,,,,,,,,,,,,,,,,,,,,
global,2015,Geothermal,0.07061,2020,,,,,,,,,,,,,,,,,,,,,,,,,,,,,,,,,,,,,,,,,
global,2016,Geothermal,0.07061,2020,,,,,,,,,,,,,,,,,,,,,,,,,,,,,,,,,,,,,,,,,
global,2016,Geothermal,0.07481,2020,,,,,,,,,,,,,,,,,,,,,,,,,,,,,,,,,,,,,,,,,
global,2017,Geothermal,0.07481,2020,,,,,,,,,,,,,,,,,,,,,,,,,,,,,,,,,,,,,,,,,
global,2017,Geothermal,0.07095,2020,,,,,,,,,,,,,,,,,,,,,,,,,,,,,,,,,,,,,,,,,
global,2018,Geothermal,0.07223,2020,,,,,,,,,,,,,,,,,,,,,,,,,,,,,,,,,,,,,,,,,
global,2018,Geothermal,0.07261,2020,,,,,,,,,,,,,,,,,,,,,,,,,,,,,,,,,,,,,,,,,
global,2019,Geothermal,0.07401,2020,,,,,,,,,,,,,,,,,,,,,,,,,,,,,,,,,,,,,,,,,
global,2019,Geothermal,0.07109,2020,,,,,,,,,,,,,,,,,,,,,,,,,,,,,,,,,,,,,,,,,
global,2020,Geothermal,0.07109,2020,,,,,,,,,,,,,,,,,,,,,,,,,,,,,,,,,,,,,,,,,
global,2020,Geothermal,0.07018,2020,,,,,,,,,,,,,,,,,,,,,,,,,,,,,,,,,,,,,,,,,
Eurasia,2010,Hydro,0.05729,2020,Large (>10MW),,,,,,,,,,,,,,,,,,,,,,,,,,,,,,,,,,,,,,,,
Eurasia,2010,Hydro,0.09602,2020,Small (<10MW),,,,,,,,,,,,,,,,,,,,,,,,,,,,,,,,,,,,,,,,
Eurasia,2011,Hydro,0.05729,2020,Large (>10MW),,,,,,,,,,,,,,,,,,,,,,,,,,,,,,,,,,,,,,,,
Eurasia,2011,Hydro,0.09602,2020,Small (<10MW),,,,,,,,,,,,,,,,,,,,,,,,,,,,,,,,,,,,,,,,
Eurasia,2012,Hydro,0.05729,2020,Large (>10MW),,,,,,,,,,,,,,,,,,,,,,,,,,,,,,,,,,,,,,,,
Eurasia,2012,Hydro,0.09602,2020,Small (<10MW),,,,,,,,,,,,,,,,,,,,,,,,,,,,,,,,,,,,,,,,
Eurasia,2013,Hydro,0.05729,2020,Large (>10MW),,,,,,,,,,,,,,,,,,,,,,,,,,,,,,,,,,,,,,,,
Eurasia,2013,Hydro,0.09602,2020,Small (<10MW),,,,,,,,,,,,,,,,,,,,,,,,,,,,,,,,,,,,,,,,
Eurasia,2014,Hydro,0.05729,2020,Large (>10MW),,,,,,,,,,,,,,,,,,,,,,,,,,,,,,,,,,,,,,,,
Eurasia,2014,Hydro,0.09602,2020,Small (<10MW),,,,,,,,,,,,,,,,,,,,,,,,,,,,,,,,,,,,,,,,
Eurasia,2015,Hydro,0.05729,2020,Large (>10MW),,,,,,,,,,,,,,,,,,,,,,,,,,,,,,,,,,,,,,,,
Eurasia,2015,Hydro,0.09602,2020,Small (<10MW),,,,,,,,,,,,,,,,,,,,,,,,,,,,,,,,,,,,,,,,
Eurasia,2016,Hydro,0.07809,2020,Large (>10MW),,,,,,,,,,,,,,,,,,,,,,,,,,,,,,,,,,,,,,,,
Eurasia,2016,Hydro,0.09612,2020,Small (<10MW),,,,,,,,,,,,,,,,,,,,,,,,,,,,,,,,,,,,,,,,
Eurasia,2016,Hydro,0.07425,2016,,,,,,,,,,,,,,,,,,,,,,,,,,,,,,,,,,,,,,,,,
Eurasia,2017,Hydro,0.07809,2020,Large (>10MW),,,,,,,,,,,,,,,,,,,,,,,,,,,,,,,,,,,,,,,,
Eurasia,2017,Hydro,0.09612,2020,Small (<10MW),,,,,,,,,,,,,,,,,,,,,,,,,,,,,,,,,,,,,,,,
Eurasia,2017,Hydro,0.07425,2016,,,,,,,,,,,,,,,,,,,,,,,,,,,,,,,,,,,,,,,,,
Eurasia,2018,Hydro,0.07809,2020,Large (>10MW),,,,,,,,,,,,,,,,,,,,,,,,,,,,,,,,,,,,,,,,
Eurasia,2018,Hydro,0.09612,2020,Small (<10MW),,,,,,,,,,,,,,,,,,,,,,,,,,,,,,,,,,,,,,,,
Eurasia,2019,Hydro,0.07809,2020,Large (>10MW),,,,,,,,,,,,,,,,,,,,,,,,,,,,,,,,,,,,,,,,
Eurasia,2019,Hydro,0.09612,2020,Small (<10MW),,,,,,,,,,,,,,,,,,,,,,,,,,,,,,,,,,,,,,,,
Eurasia,2020,Hydro,0.07809,2020,Large (>10MW),,,,,,,,,,,,,,,,,,,,,,,,,,,,,,,,,,,,,,,,
Eurasia,2020,Hydro,0.09612,2020,Small (<10MW),,,,,,,,,,,,,,,,,,,,,,,,,,,,,,,,,,,,,,,,
Europe,2010,Hydro,0.14249,2020,Large (>10MW),,,,,,,,,,,,,,,,,,,,,,,,,,,,,,,,,,,,,,,,
Europe,2010,Hydro,0.15944,2020,Small (<10MW),,,,,,,,,,,,,,,,,,,,,,,,,,,,,,,,,,,,,,,,
Europe,2011,Hydro,0.14249,2020,Large (>10MW),,,,,,,,,,,,,,,,,,,,,,,,,,,,,,,,,,,,,,,,
Europe,2011,Hydro,0.15944,2020,Small (<10MW),,,,,,,,,,,,,,,,,,,,,,,,,,,,,,,,,,,,,,,,
Europe,2012,Hydro,0.14249,2020,Large (>10MW),,,,,,,,,,,,,,,,,,,,,,,,,,,,,,,,,,,,,,,,
Europe,2012,Hydro,0.15944,2020,Small (<10MW),,,,,,,,,,,,,,,,,,,,,,,,,,,,,,,,,,,,,,,,
Europe,2013,Hydro,0.14249,2020,Large (>10MW),,,,,,,,,,,,,,,,,,,,,,,,,,,,,,,,,,,,,,,,
Europe,2013,Hydro,0.15944,2020,Small (<10MW),,,,,,,,,,,,,,,,,,,,,,,,,,,,,,,,,,,,,,,,
Europe,2014,Hydro,0.14249,2020,Large (>10MW),,,,,,,,,,,,,,,,,,,,,,,,,,,,,,,,,,,,,,,,
Europe,2014,Hydro,0.15944,2020,Small (<10MW),,,,,,,,,,,,,,,,,,,,,,,,,,,,,,,,,,,,,,,,
Europe,2015,Hydro,0.14249,2020,Large (>10MW),,,,,,,,,,,,,,,,,,,,,,,,,,,,,,,,,,,,,,,,
Europe,2015,Hydro,0.15944,2020,Small (<10MW),,,,,,,,,,,,,,,,,,,,,,,,,,,,,,,,,,,,,,,,
Europe,2016,Hydro,0.11886,2020,Large (>10MW),,,,,,,,,,,,,,,,,,,,,,,,,,,,,,,,,,,,,,,,
Europe,2016,Hydro,0.11731,2020,Small (<10MW),,,,,,,,,,,,,,,,,,,,,,,,,,,,,,,,,,,,,,,,
Europe,2016,Hydro,0.12454,2016,,,,,,,,,,,,,,,,,,,,,,,,,,,,,,,,,,,,,,,,,
Europe,2017,Hydro,0.11886,2020,Large (>10MW),,,,,,,,,,,,,,,,,,,,,,,,,,,,,,,,,,,,,,,,
Europe,2017,Hydro,0.11731,2020,Small (<10MW),,,,,,,,,,,,,,,,,,,,,,,,,,,,,,,,,,,,,,,,
Europe,2017,Hydro,0.12454,2016,,,,,,,,,,,,,,,,,,,,,,,,,,,,,,,,,,,,,,,,,
Europe,2018,Hydro,0.11886,2020,Large (>10MW),,,,,,,,,,,,,,,,,,,,,,,,,,,,,,,,,,,,,,,,
Europe,2018,Hydro,0.11731,2020,Small (<10MW),,,,,,,,,,,,,,,,,,,,,,,,,,,,,,,,,,,,,,,,
Europe,2019,Hydro,0.11886,2020,Large (>10MW),,,,,,,,,,,,,,,,,,,,,,,,,,,,,,,,,,,,,,,,
Europe,2019,Hydro,0.11731,2020,Small (<10MW),,,,,,,,,,,,,,,,,,,,,,,,,,,,,,,,,,,,,,,,
Europe,2020,Hydro,0.11886,2020,Large (>10MW),,,,,,,,,,,,,,,,,,,,,,,,,,,,,,,,,,,,,,,,
Europe,2020,Hydro,0.11731,2020,Small (<10MW),,,,,,,,,,,,,,,,,,,,,,,,,,,,,,,,,,,,,,,,
global,2010,Hydro,0.03754,2020,,,,,,,,,,,,,,,,,,,,,,,,,,,,,,,,,,,,,,,,,
global,2011,Hydro,0.03533,2020,,,,,,,,,,,,,,,,,,,,,,,,,,,,,,,,,,,,,,,,,
global,2012,Hydro,0.03675,2020,,,,,,,,,,,,,,,,,,,,,,,,,,,,,,,,,,,,,,,,,
global,2013,Hydro,0.04109,2020,,,,,,,,,,,,,,,,,,,,,,,,,,,,,,,,,,,,,,,,,
global,2014,Hydro,0.04141,2020,,,,,,,,,,,,,,,,,,,,,,,,,,,,,,,,,,,,,,,,,
global,2015,Hydro,0.03590,2020,,,,,,,,,,,,,,,,,,,,,,,,,,,,,,,,,,,,,,,,,
global,2016,Hydro,0.04795,2020,,,,,,,,,,,,,,,,,,,,,,,,,,,,,,,,,,,,,,,,,
global,2017,Hydro,0.04896,2020,,,,,,,,,,,,,,,,,,,,,,,,,,,,,,,,,,,,,,,,,
global,2018,Hydro,0.03877,2020,,,,,,,,,,,,,,,,,,,,,,,,,,,,,,,,,,,,,,,,,
global,2019,Hydro,0.04027,2020,,,,,,,,,,,,,,,,,,,,,,,,,,,,,,,,,,,,,,,,,
global,2020,Hydro,0.04444,2020,,,,,,,,,,,,,,,,,,,,,,,,,,,,,,,,,,,,,,,,,
Belgium,2010,Offshore wind,0.19800,2020,,,,,,,,,,,,,,,,,,,,,,,,,,,,,,,,,,,,,,,,,
Belgium,2019,Offshore wind,0.11900,2019,,,,,,,,,,,,,,,,,,,,,,,,,,,,,,,,,,,,,,,,,
Belgium,2020,Offshore wind,0.08700,2020,,,,,,,,,,,,,,,,,,,,,,,,,,,,,,,,,,,,,,,,,
Denmark,2010,Offshore wind,0.11000,2020,,,,,,,,,,,,,,,,,,,,,,,,,,,,,,,,,,,,,,,,,
Denmark,2019,Offshore wind,0.08700,2019,,,,,,,,,,,,,,,,,,,,,,,,,,,,,,,,,,,,,,,,,
Denmark,2020,Offshore wind,0.08800,2020,,,,,,,,,,,,,,,,,,,,,,,,,,,,,,,,,,,,,,,,,
Europe,2010,Offshore wind,0.15800,2020,,,,,,,,,,,,,,,,,,,,,,,,,,,,,,,,,,,,,,,,,
Europe,2016,Offshore Wind,0.14572,2016,,,,,,,,,,,,,,,,,,,,,,,,,,,,,,,,,,,,,,,,,
Europe,2017,Offshore Wind,0.14572,2016,,,,,,,,,,,,,,,,,,,,,,,,,,,,,,,,,,,,,,,,,
Europe,2019,Offshore wind,0.11700,2019,,,,,,,,,,,,,,,,,,,,,,,,,,,,,,,,,,,,,,,,,
Europe,2020,Offshore wind,0.08300,2020,,,,,,,,,,,,,,,,,,,,,,,,,,,,,,,,,,,,,,,,,
Germany,2010,Offshore wind,0.16600,2020,,,,,,,,,,,,,,,,,,,,,,,,,,,,,,,,,,,,,,,,,
Germany,2019,Offshore wind,0.12000,2019,,,,,,,,,,,,,,,,,,,,,,,,,,,,,,,,,,,,,,,,,
Germany,2020,Offshore wind,0.09300,2020,,,,,,,,,,,,,,,,,,,,,,,,,,,,,,,,,,,,,,,,,
global,2000,Offshore wind,0.12247,2020,,,,,,,,,,,,,,,,,,,,,,,,,,,,,,,,,,,,,,,,,
global,2001,Offshore wind,0.12124,2020,,,,,,,,,,,,,,,,,,,,,,,,,,,,,,,,,,,,,,,,,
global,2002,Offshore wind,0.11823,2020,,,,,,,,,,,,,,,,,,,,,,,,,,,,,,,,,,,,,,,,,
global,2003,Offshore wind,0.10380,2020,,,,,,,,,,,,,,,,,,,,,,,,,,,,,,,,,,,,,,,,,
global,2004,Offshore wind,0.13604,2020,,,,,,,,,,,,,,,,,,,,,,,,,,,,,,,,,,,,,,,,,
global,2005,Offshore wind,0.10570,2020,,,,,,,,,,,,,,,,,,,,,,,,,,,,,,,,,,,,,,,,,
global,2006,Offshore wind,0.10879,2020,,,,,,,,,,,,,,,,,,,,,,,,,,,,,,,,,,,,,,,,,
global,2007,Offshore wind,0.17994,2020,,,,,,,,,,,,,,,,,,,,,,,,,,,,,,,,,,,,,,,,,
global,2008,Offshore wind,0.17942,2020,,,,,,,,,,,,,,,,,,,,,,,,,,,,,,,,,,,,,,,,,
global,2009,Offshore wind,0.15865,2020,,,,,,,,,,,,,,,,,,,,,,,,,,,,,,,,,,,,,,,,,
global,2010,Offshore wind,0.16162,2020,,,,,,,,,,,,,,,,,,,,,,,,,,,,,,,,,,,,,,,,,
global,2010,Offshore wind,0.16162,2020,,,,,,,,,,,,,,,,,,,,,,,,,,,,,,,,,,,,,,,,,
global,2011,Offshore wind,0.17089,2020,,,,,,,,,,,,,,,,,,,,,,,,,,,,,,,,,,,,,,,,,
global,2011,Offshore wind,0.17089,2020,,,,,,,,,,,,,,,,,,,,,,,,,,,,,,,,,,,,,,,,,
global,2012,Offshore wind,0.14695,2020,,,,,,,,,,,,,,,,,,,,,,,,,,,,,,,,,,,,,,,,,
global,2012,Offshore wind,0.14695,2020,,,,,,,,,,,,,,,,,,,,,,,,,,,,,,,,,,,,,,,,,
global,2013,Offshore wind,0.13902,2020,,,,,,,,,,,,,,,,,,,,,,,,,,,,,,,,,,,,,,,,,
global,2013,Offshore wind,0.16251,2020,,,,,,,,,,,,,,,,,,,,,,,,,,,,,,,,,,,,,,,,,
global,2014,Offshore wind,0.16534,2020,,,,,,,,,,,,,,,,,,,,,,,,,,,,,,,,,,,,,,,,,
global,2014,Offshore wind,0.16534,2020,,,,,,,,,,,,,,,,,,,,,,,,,,,,,,,,,,,,,,,,,
global,2015,Offshore wind,0.14223,2020,,,,,,,,,,,,,,,,,,,,,,,,,,,,,,,,,,,,,,,,,
global,2015,Offshore wind,0.14223,2020,,,,,,,,,,,,,,,,,,,,,,,,,,,,,,,,,,,,,,,,,
global,2016,Offshore wind,0.11796,2020,,,,,,,,,,,,,,,,,,,,,,,,,,,,,,,,,,,,,,,,,
global,2016,Offshore wind,0.11796,2020,,,,,,,,,,,,,,,,,,,,,,,,,,,,,,,,,,,,,,,,,
global,2017,Offshore wind,0.11355,2020,,,,,,,,,,,,,,,,,,,,,,,,,,,,,,,,,,,,,,,,,
global,2017,Offshore wind,0.11355,2020,,,,,,,,,,,,,,,,,,,,,,,,,,,,,,,,,,,,,,,,,
global,2018,Offshore wind,0.11053,2020,,,,,,,,,,,,,,,,,,,,,,,,,,,,,,,,,,,,,,,,,
global,2018,Offshore wind,0.11053,2020,,,,,,,,,,,,,,,,,,,,,,,,,,,,,,,,,,,,,,,,,
global,2019,Offshore wind,0.09297,2020,,,,,,,,,,,,,,,,,,,,,,,,,,,,,,,,,,,,,,,,,
global,2019,Offshore wind,0.09297,2020,,,,,,,,,,,,,,,,,,,,,,,,,,,,,,,,,,,,,,,,,
global,2020,Offshore wind,0.08378,2020,,,,,,,,,,,,,,,,,,,,,,,,,,,,,,,,,,,,,,,,,
global,2020,Offshore wind,0.08448,2020,,,,,,,,,,,,,,,,,,,,,,,,,,,,,,,,,,,,,,,,,
global,2021,Offshore wind,0.10965,2020,,,,,,,,,,,,,,,,,,,,,,,,,,,,,,,,,,,,,,,,,
global,2021,Offshore wind,0.11890,2019,,,,,,,,,,,,,,,,,,,,,,,,,,,,,,,,,,,,,,,,,
global,2022,Offshore wind,0.09270,2020,,,,,,,,,,,,,,,,,,,,,,,,,,,,,,,,,,,,,,,,,
global,2023,Offshore wind,0.08630,2020,,,,,,,,,,,,,,,,,,,,,,,,,,,,,,,,,,,,,,,,,
global,2024,Offshore wind,0.08518,2020,,,,,,,,,,,,,,,,,,,,,,,,,,,,,,,,,,,,,,,,,
Netherlands,2010,Offshore wind,,2020,,,,,,,,,,,,,,,,,,,,,,,,,,,,,,,,,,,,,,,,,
Netherlands,2020,Offshore wind,0.06700,2020,,,,,,,,,,,,,,,,,,,,,,,,,,,,,,,,,,,,,,,,,
UK,2010,Offshore wind,0.16200,2020,,,,,,,,,,,,,,,,,,,,,,,,,,,,,,,,,,,,,,,,,
UK,2019,Offshore wind,0.12100,2019,,,,,,,,,,,,,,,,,,,,,,,,,,,,,,,,,,,,,,,,,
UK,2020,Offshore wind,0.11500,2020,,,,,,,,,,,,,,,,,,,,,,,,,,,,,,,,,,,,,,,,,
Denmark,1984,Onshore wind,0.24353,2020,,,,,,,,,,,,,,,,,,,,,,,,,,,,,,,,,,,,,,,,,
Denmark,1985,Onshore wind,0.23132,2020,,,,,,,,,,,,,,,,,,,,,,,,,,,,,,,,,,,,,,,,,
Denmark,1986,Onshore wind,0.22473,2020,,,,,,,,,,,,,,,,,,,,,,,,,,,,,,,,,,,,,,,,,
Denmark,1987,Onshore wind,0.21519,2020,,,,,,,,,,,,,,,,,,,,,,,,,,,,,,,,,,,,,,,,,
Denmark,1988,Onshore wind,0.21996,2020,,,,,,,,,,,,,,,,,,,,,,,,,,,,,,,,,,,,,,,,,
Denmark,1989,Onshore wind,0.20385,2020,,,,,,,,,,,,,,,,,,,,,,,,,,,,,,,,,,,,,,,,,
Denmark,1990,Onshore wind,0.20660,2020,,,,,,,,,,,,,,,,,,,,,,,,,,,,,,,,,,,,,,,,,
Denmark,1991,Onshore wind,0.19792,2020,,,,,,,,,,,,,,,,,,,,,,,,,,,,,,,,,,,,,,,,,
Denmark,1992,Onshore wind,0.18375,2020,,,,,,,,,,,,,,,,,,,,,,,,,,,,,,,,,,,,,,,,,
Denmark,1993,Onshore wind,0.18364,2020,,,,,,,,,,,,,,,,,,,,,,,,,,,,,,,,,,,,,,,,,
Denmark,1994,Onshore wind,,2020,,,,,,,,,,,,,,,,,,,,,,,,,,,,,,,,,,,,,,,,,
Denmark,1995,Onshore wind,0.15607,2020,,,,,,,,,,,,,,,,,,,,,,,,,,,,,,,,,,,,,,,,,
Denmark,1996,Onshore wind,0.15227,2020,,,,,,,,,,,,,,,,,,,,,,,,,,,,,,,,,,,,,,,,,
Denmark,1997,Onshore wind,0.15463,2020,,,,,,,,,,,,,,,,,,,,,,,,,,,,,,,,,,,,,,,,,
Denmark,1998,Onshore wind,0.14663,2020,,,,,,,,,,,,,,,,,,,,,,,,,,,,,,,,,,,,,,,,,
Denmark,1999,Onshore wind,0.14296,2020,,,,,,,,,,,,,,,,,,,,,,,,,,,,,,,,,,,,,,,,,
Denmark,2000,Onshore wind,0.15137,2020,,,,,,,,,,,,,,,,,,,,,,,,,,,,,,,,,,,,,,,,,
Denmark,2001,Onshore wind,0.14562,2020,,,,,,,,,,,,,,,,,,,,,,,,,,,,,,,,,,,,,,,,,
Denmark,2002,Onshore wind,0.11147,2020,,,,,,,,,,,,,,,,,,,,,,,,,,,,,,,,,,,,,,,,,
Denmark,2003,Onshore wind,0.09486,2020,,,,,,,,,,,,,,,,,,,,,,,,,,,,,,,,,,,,,,,,,
Denmark,2004,Onshore wind,0.08613,2020,,,,,,,,,,,,,,,,,,,,,,,,,,,,,,,,,,,,,,,,,
Denmark,2005,Onshore wind,0.09784,2020,,,,,,,,,,,,,,,,,,,,,,,,,,,,,,,,,,,,,,,,,
Denmark,2006,Onshore wind,0.11718,2020,,,,,,,,,,,,,,,,,,,,,,,,,,,,,,,,,,,,,,,,,
Denmark,2007,Onshore wind,,2020,,,,,,,,,,,,,,,,,,,,,,,,,,,,,,,,,,,,,,,,,
Denmark,2008,Onshore wind,0.10433,2020,,,,,,,,,,,,,,,,,,,,,,,,,,,,,,,,,,,,,,,,,
Denmark,2009,Onshore wind,,2020,,,,,,,,,,,,,,,,,,,,,,,,,,,,,,,,,,,,,,,,,
Denmark,2010,Onshore wind,0.10618,2020,,,,,,,,,,,,,,,,,,,,,,,,,,,,,,,,,,,,,,,,,
Denmark,2011,Onshore wind,0.10451,2020,,,,,,,,,,,,,,,,,,,,,,,,,,,,,,,,,,,,,,,,,
Denmark,2012,Onshore wind,0.08238,2020,,,,,,,,,,,,,,,,,,,,,,,,,,,,,,,,,,,,,,,,,
Denmark,2013,Onshore wind,0.08391,2020,,,,,,,,,,,,,,,,,,,,,,,,,,,,,,,,,,,,,,,,,
Denmark,2014,Onshore wind,,2020,,,,,,,,,,,,,,,,,,,,,,,,,,,,,,,,,,,,,,,,,
Denmark,2015,Onshore wind,0.06272,2020,,,,,,,,,,,,,,,,,,,,,,,,,,,,,,,,,,,,,,,,,
Denmark,2016,Onshore wind,0.06007,2020,,,,,,,,,,,,,,,,,,,,,,,,,,,,,,,,,,,,,,,,,
Denmark,2017,Onshore wind,0.05316,2020,,,,,,,,,,,,,,,,,,,,,,,,,,,,,,,,,,,,,,,,,
Denmark,2018,Onshore wind,0.05255,2020,,,,,,,,,,,,,,,,,,,,,,,,,,,,,,,,,,,,,,,,,
Denmark,2019,Onshore wind,0.05194,2020,,,,,,,,,,,,,,,,,,,,,,,,,,,,,,,,,,,,,,,,,
Denmark,2020,Onshore wind,0.05093,2020,,,,,,,,,,,,,,,,,,,,,,,,,,,,,,,,,,,,,,,,,
Eurasia,2010,Onshore wind,0.11200,2020,,,,,,,,,,,,,,,,,,,,,,,,,,,,,,,,,,,,,,,,,
Eurasia,2016,Onshore Wind,0.05525,2016,,,,,,,,,,,,,,,,,,,,,,,,,,,,,,,,,,,,,,,,,
Eurasia,2017,Onshore Wind,0.05525,2016,,,,,,,,,,,,,,,,,,,,,,,,,,,,,,,,,,,,,,,,,
Eurasia,2018,Onshore wind,0.06900,2018,,,,,,,,,,,,,,,,,,,,,,,,,,,,,,,,,,,,,,,,,
Eurasia,2019,Onshore wind,0.06400,2019,,,,,,,,,,,,,,,,,,,,,,,,,,,,,,,,,,,,,,,,,
Eurasia,2020,Onshore wind,0.04700,2020,,,,,,,,,,,,,,,,,,,,,,,,,,,,,,,,,,,,,,,,,
Europe,2010,Onshore wind,0.11300,2020,,,,,,,,,,,,,,,,,,,,,,,,,,,,,,,,,,,,,,,,,
Europe,2016,Onshore Wind,0.07761,2016,,,,,,,,,,,,,,,,,,,,,,,,,,,,,,,,,,,,,,,,,
Europe,2017,Onshore Wind,0.07761,2016,,,,,,,,,,,,,,,,,,,,,,,,,,,,,,,,,,,,,,,,,
Europe,2018,Onshore wind,0.07200,2018,,,,,,,,,,,,,,,,,,,,,,,,,,,,,,,,,,,,,,,,,
Europe,2019,Onshore wind,0.06700,2019,,,,,,,,,,,,,,,,,,,,,,,,,,,,,,,,,,,,,,,,,
Europe,2020,Onshore wind,0.04500,2020,,,,,,,,,,,,,,,,,,,,,,,,,,,,,,,,,,,,,,,,,
France,1984,Onshore wind,,2020,,,,,,,,,,,,,,,,,,,,,,,,,,,,,,,,,,,,,,,,,
France,1985,Onshore wind,,2020,,,,,,,,,,,,,,,,,,,,,,,,,,,,,,,,,,,,,,,,,
France,1986,Onshore wind,,2020,,,,,,,,,,,,,,,,,,,,,,,,,,,,,,,,,,,,,,,,,
France,1987,Onshore wind,,2020,,,,,,,,,,,,,,,,,,,,,,,,,,,,,,,,,,,,,,,,,
France,1988,Onshore wind,,2020,,,,,,,,,,,,,,,,,,,,,,,,,,,,,,,,,,,,,,,,,
France,1989,Onshore wind,,2020,,,,,,,,,,,,,,,,,,,,,,,,,,,,,,,,,,,,,,,,,
France,1990,Onshore wind,,2020,,,,,,,,,,,,,,,,,,,,,,,,,,,,,,,,,,,,,,,,,
France,1991,Onshore wind,0.20532,2020,,,,,,,,,,,,,,,,,,,,,,,,,,,,,,,,,,,,,,,,,
France,1992,Onshore wind,,2020,,,,,,,,,,,,,,,,,,,,,,,,,,,,,,,,,,,,,,,,,
France,1993,Onshore wind,0.20199,2020,,,,,,,,,,,,,,,,,,,,,,,,,,,,,,,,,,,,,,,,,
France,1994,Onshore wind,,2020,,,,,,,,,,,,,,,,,,,,,,,,,,,,,,,,,,,,,,,,,
France,1995,Onshore wind,,2020,,,,,,,,,,,,,,,,,,,,,,,,,,,,,,,,,,,,,,,,,
France,1996,Onshore wind,0.18245,2020,,,,,,,,,,,,,,,,,,,,,,,,,,,,,,,,,,,,,,,,,
France,1997,Onshore wind,0.17168,2020,,,,,,,,,,,,,,,,,,,,,,,,,,,,,,,,,,,,,,,,,
France,1998,Onshore wind,0.15987,2020,,,,,,,,,,,,,,,,,,,,,,,,,,,,,,,,,,,,,,,,,
France,1999,Onshore wind,0.15252,2020,,,,,,,,,,,,,,,,,,,,,,,,,,,,,,,,,,,,,,,,,
France,2000,Onshore wind,0.12046,2020,,,,,,,,,,,,,,,,,,,,,,,,,,,,,,,,,,,,,,,,,
France,2001,Onshore wind,0.12617,2020,,,,,,,,,,,,,,,,,,,,,,,,,,,,,,,,,,,,,,,,,
France,2002,Onshore wind,0.12495,2020,,,,,,,,,,,,,,,,,,,,,,,,,,,,,,,,,,,,,,,,,
France,2003,Onshore wind,0.10280,2020,,,,,,,,,,,,,,,,,,,,,,,,,,,,,,,,,,,,,,,,,
France,2004,Onshore wind,0.11446,2020,,,,,,,,,,,,,,,,,,,,,,,,,,,,,,,,,,,,,,,,,
France,2005,Onshore wind,0.11186,2020,,,,,,,,,,,,,,,,,,,,,,,,,,,,,,,,,,,,,,,,,
France,2006,Onshore wind,0.11403,2020,,,,,,,,,,,,,,,,,,,,,,,,,,,,,,,,,,,,,,,,,
France,2007,Onshore wind,0.10677,2020,,,,,,,,,,,,,,,,,,,,,,,,,,,,,,,,,,,,,,,,,
France,2008,Onshore wind,0.13059,2020,,,,,,,,,,,,,,,,,,,,,,,,,,,,,,,,,,,,,,,,,
France,2009,Onshore wind,0.10831,2020,,,,,,,,,,,,,,,,,,,,,,,,,,,,,,,,,,,,,,,,,
France,2010,Onshore wind,0.11212,2020,,,,,,,,,,,,,,,,,,,,,,,,,,,,,,,,,,,,,,,,,
France,2011,Onshore wind,0.09729,2020,,,,,,,,,,,,,,,,,,,,,,,,,,,,,,,,,,,,,,,,,
France,2012,Onshore wind,0.08785,2020,,,,,,,,,,,,,,,,,,,,,,,,,,,,,,,,,,,,,,,,,
France,2013,Onshore wind,0.08096,2020,,,,,,,,,,,,,,,,,,,,,,,,,,,,,,,,,,,,,,,,,
France,2014,Onshore wind,0.07547,2020,,,,,,,,,,,,,,,,,,,,,,,,,,,,,,,,,,,,,,,,,
France,2015,Onshore wind,0.07278,2020,,,,,,,,,,,,,,,,,,,,,,,,,,,,,,,,,,,,,,,,,
France,2016,Onshore wind,0.06915,2020,,,,,,,,,,,,,,,,,,,,,,,,,,,,,,,,,,,,,,,,,
France,2017,Onshore wind,0.07953,2020,,,,,,,,,,,,,,,,,,,,,,,,,,,,,,,,,,,,,,,,,
France,2018,Onshore wind,0.06550,2020,,,,,,,,,,,,,,,,,,,,,,,,,,,,,,,,,,,,,,,,,
France,2019,Onshore wind,0.05603,2020,,,,,,,,,,,,,,,,,,,,,,,,,,,,,,,,,,,,,,,,,
France,2020,Onshore wind,0.05024,2020,,,,,,,,,,,,,,,,,,,,,,,,,,,,,,,,,,,,,,,,,
Germany,1984,Onshore wind,0.24353,2020,,,,,,,,,,,,,,,,,,,,,,,,,,,,,,,,,,,,,,,,,
Germany,1985,Onshore wind,,2020,,,,,,,,,,,,,,,,,,,,,,,,,,,,,,,,,,,,,,,,,
Germany,1986,Onshore wind,,2020,,,,,,,,,,,,,,,,,,,,,,,,,,,,,,,,,,,,,,,,,
Germany,1987,Onshore wind,,2020,,,,,,,,,,,,,,,,,,,,,,,,,,,,,,,,,,,,,,,,,
Germany,1988,Onshore wind,,2020,,,,,,,,,,,,,,,,,,,,,,,,,,,,,,,,,,,,,,,,,
Germany,1989,Onshore wind,,2020,,,,,,,,,,,,,,,,,,,,,,,,,,,,,,,,,,,,,,,,,
Germany,1990,Onshore wind,0.21443,2020,,,,,,,,,,,,,,,,,,,,,,,,,,,,,,,,,,,,,,,,,
Germany,1991,Onshore wind,0.20532,2020,,,,,,,,,,,,,,,,,,,,,,,,,,,,,,,,,,,,,,,,,
Germany,1992,Onshore wind,0.20656,2020,,,,,,,,,,,,,,,,,,,,,,,,,,,,,,,,,,,,,,,,,
Germany,1993,Onshore wind,0.20199,2020,,,,,,,,,,,,,,,,,,,,,,,,,,,,,,,,,,,,,,,,,
Germany,1994,Onshore wind,0.16002,2020,,,,,,,,,,,,,,,,,,,,,,,,,,,,,,,,,,,,,,,,,
Germany,1995,Onshore wind,0.18077,2020,,,,,,,,,,,,,,,,,,,,,,,,,,,,,,,,,,,,,,,,,
Germany,1996,Onshore wind,0.16773,2020,,,,,,,,,,,,,,,,,,,,,,,,,,,,,,,,,,,,,,,,,
Germany,1997,Onshore wind,0.16654,2020,,,,,,,,,,,,,,,,,,,,,,,,,,,,,,,,,,,,,,,,,
Germany,1998,Onshore wind,0.14932,2020,,,,,,,,,,,,,,,,,,,,,,,,,,,,,,,,,,,,,,,,,
Germany,1999,Onshore wind,0.15530,2020,,,,,,,,,,,,,,,,,,,,,,,,,,,,,,,,,,,,,,,,,
Germany,2000,Onshore wind,0.15313,2020,,,,,,,,,,,,,,,,,,,,,,,,,,,,,,,,,,,,,,,,,
Germany,2001,Onshore wind,0.15809,2020,,,,,,,,,,,,,,,,,,,,,,,,,,,,,,,,,,,,,,,,,
Germany,2002,Onshore wind,0.13227,2020,,,,,,,,,,,,,,,,,,,,,,,,,,,,,,,,,,,,,,,,,
Germany,2003,Onshore wind,0.12313,2020,,,,,,,,,,,,,,,,,,,,,,,,,,,,,,,,,,,,,,,,,
Germany,2004,Onshore wind,0.12330,2020,,,,,,,,,,,,,,,,,,,,,,,,,,,,,,,,,,,,,,,,,
Germany,2005,Onshore wind,0.12625,2020,,,,,,,,,,,,,,,,,,,,,,,,,,,,,,,,,,,,,,,,,
Germany,2006,Onshore wind,0.12845,2020,,,,,,,,,,,,,,,,,,,,,,,,,,,,,,,,,,,,,,,,,
Germany,2007,Onshore wind,0.12041,2020,,,,,,,,,,,,,,,,,,,,,,,,,,,,,,,,,,,,,,,,,
Germany,2008,Onshore wind,0.12606,2020,,,,,,,,,,,,,,,,,,,,,,,,,,,,,,,,,,,,,,,,,
Germany,2009,Onshore wind,0.11859,2020,,,,,,,,,,,,,,,,,,,,,,,,,,,,,,,,,,,,,,,,,
Germany,2010,Onshore wind,0.11306,2020,,,,,,,,,,,,,,,,,,,,,,,,,,,,,,,,,,,,,,,,,
Germany,2011,Onshore wind,0.10793,2020,,,,,,,,,,,,,,,,,,,,,,,,,,,,,,,,,,,,,,,,,
Germany,2012,Onshore wind,0.09716,2020,,,,,,,,,,,,,,,,,,,,,,,,,,,,,,,,,,,,,,,,,
Germany,2013,Onshore wind,0.09345,2020,,,,,,,,,,,,,,,,,,,,,,,,,,,,,,,,,,,,,,,,,
Germany,2014,Onshore wind,0.08664,2020,,,,,,,,,,,,,,,,,,,,,,,,,,,,,,,,,,,,,,,,,
Germany,2015,Onshore wind,0.08094,2020,,,,,,,,,,,,,,,,,,,,,,,,,,,,,,,,,,,,,,,,,
Germany,2016,Onshore wind,0.07627,2020,,,,,,,,,,,,,,,,,,,,,,,,,,,,,,,,,,,,,,,,,
Germany,2017,Onshore wind,0.07407,2020,,,,,,,,,,,,,,,,,,,,,,,,,,,,,,,,,,,,,,,,,
Germany,2018,Onshore wind,0.06347,2020,,,,,,,,,,,,,,,,,,,,,,,,,,,,,,,,,,,,,,,,,
Germany,2019,Onshore wind,0.05861,2020,,,,,,,,,,,,,,,,,,,,,,,,,,,,,,,,,,,,,,,,,
Germany,2020,Onshore wind,0.05350,2020,,,,,,,,,,,,,,,,,,,,,,,,,,,,,,,,,,,,,,,,,
global,1983,Onshore wind,0.31136,2020,,,,,,,,,,,,,,,,,,,,,,,,,,,,,,,,,,,,,,,,,
global,1984,Onshore wind,0.29729,2020,,,,,,,,,,,,,,,,,,,,,,,,,,,,,,,,,,,,,,,,,
global,1985,Onshore wind,0.27882,2020,,,,,,,,,,,,,,,,,,,,,,,,,,,,,,,,,,,,,,,,,
global,1986,Onshore wind,0.24959,2020,,,,,,,,,,,,,,,,,,,,,,,,,,,,,,,,,,,,,,,,,
global,1987,Onshore wind,0.24260,2020,,,,,,,,,,,,,,,,,,,,,,,,,,,,,,,,,,,,,,,,,
global,1988,Onshore wind,0.20308,2020,,,,,,,,,,,,,,,,,,,,,,,,,,,,,,,,,,,,,,,,,
global,1989,Onshore wind,0.18924,2020,,,,,,,,,,,,,,,,,,,,,,,,,,,,,,,,,,,,,,,,,
global,1990,Onshore wind,0.20596,2020,,,,,,,,,,,,,,,,,,,,,,,,,,,,,,,,,,,,,,,,,
global,1991,Onshore wind,0.19829,2020,,,,,,,,,,,,,,,,,,,,,,,,,,,,,,,,,,,,,,,,,
global,1992,Onshore wind,0.19488,2020,,,,,,,,,,,,,,,,,,,,,,,,,,,,,,,,,,,,,,,,,
global,1993,Onshore wind,0.20119,2020,,,,,,,,,,,,,,,,,,,,,,,,,,,,,,,,,,,,,,,,,
global,1994,Onshore wind,0.19464,2020,,,,,,,,,,,,,,,,,,,,,,,,,,,,,,,,,,,,,,,,,
global,1995,Onshore wind,0.19786,2020,,,,,,,,,,,,,,,,,,,,,,,,,,,,,,,,,,,,,,,,,
global,1996,Onshore wind,0.17963,2020,,,,,,,,,,,,,,,,,,,,,,,,,,,,,,,,,,,,,,,,,
global,1997,Onshore wind,0.16013,2020,,,,,,,,,,,,,,,,,,,,,,,,,,,,,,,,,,,,,,,,,
global,1998,Onshore wind,0.14023,2020,,,,,,,,,,,,,,,,,,,,,,,,,,,,,,,,,,,,,,,,,
global,1999,Onshore wind,0.13545,2020,,,,,,,,,,,,,,,,,,,,,,,,,,,,,,,,,,,,,,,,,
global,2000,Onshore wind,0.14322,2020,,,,,,,,,,,,,,,,,,,,,,,,,,,,,,,,,,,,,,,,,
global,2001,Onshore wind,0.12619,2020,,,,,,,,,,,,,,,,,,,,,,,,,,,,,,,,,,,,,,,,,
global,2002,Onshore wind,0.12004,2020,,,,,,,,,,,,,,,,,,,,,,,,,,,,,,,,,,,,,,,,,
global,2003,Onshore wind,0.10696,2020,,,,,,,,,,,,,,,,,,,,,,,,,,,,,,,,,,,,,,,,,
global,2004,Onshore wind,0.11206,2020,,,,,,,,,,,,,,,,,,,,,,,,,,,,,,,,,,,,,,,,,
global,2005,Onshore wind,0.10373,2020,,,,,,,,,,,,,,,,,,,,,,,,,,,,,,,,,,,,,,,,,
global,2006,Onshore wind,0.10602,2020,,,,,,,,,,,,,,,,,,,,,,,,,,,,,,,,,,,,,,,,,
global,2007,Onshore wind,0.09941,2020,,,,,,,,,,,,,,,,,,,,,,,,,,,,,,,,,,,,,,,,,
global,2008,Onshore wind,0.09174,2020,,,,,,,,,,,,,,,,,,,,,,,,,,,,,,,,,,,,,,,,,
global,2009,Onshore wind,0.09114,2020,,,,,,,,,,,,,,,,,,,,,,,,,,,,,,,,,,,,,,,,,
global,2010,Onshore wind,0.08942,2020,,,,,,,,,,,,,,,,,,,,,,,,,,,,,,,,,,,,,,,,,
global,2010,Onshore wind,0.08950,2020,,,,,,,,,,,,,,,,,,,,,,,,,,,,,,,,,,,,,,,,,
global,2011,Onshore wind,0.08275,2020,,,,,,,,,,,,,,,,,,,,,,,,,,,,,,,,,,,,,,,,,
global,2011,Onshore wind,0.08319,2020,,,,,,,,,,,,,,,,,,,,,,,,,,,,,,,,,,,,,,,,,
global,2012,Onshore wind,0.08170,2020,,,,,,,,,,,,,,,,,,,,,,,,,,,,,,,,,,,,,,,,,
global,2012,Onshore wind,0.07729,2020,,,,,,,,,,,,,,,,,,,,,,,,,,,,,,,,,,,,,,,,,
global,2013,Onshore wind,0.07879,2020,,,,,,,,,,,,,,,,,,,,,,,,,,,,,,,,,,,,,,,,,
global,2013,Onshore wind,0.07889,2020,,,,,,,,,,,,,,,,,,,,,,,,,,,,,,,,,,,,,,,,,
global,2014,Onshore wind,0.07129,2020,,,,,,,,,,,,,,,,,,,,,,,,,,,,,,,,,,,,,,,,,
global,2014,Onshore wind,0.07250,2020,,,,,,,,,,,,,,,,,,,,,,,,,,,,,,,,,,,,,,,,,
global,2015,Onshore wind,0.06334,2020,,,,,,,,,,,,,,,,,,,,,,,,,,,,,,,,,,,,,,,,,
global,2015,Onshore wind,0.06347,2020,,,,,,,,,,,,,,,,,,,,,,,,,,,,,,,,,,,,,,,,,
global,2016,Onshore wind,0.05998,2020,,,,,,,,,,,,,,,,,,,,,,,,,,,,,,,,,,,,,,,,,
global,2016,Onshore wind,0.06028,2020,,,,,,,,,,,,,,,,,,,,,,,,,,,,,,,,,,,,,,,,,
global,2017,Onshore wind,0.05713,2020,,,,,,,,,,,,,,,,,,,,,,,,,,,,,,,,,,,,,,,,,
global,2017,Onshore wind,0.05767,2020,,,,,,,,,,,,,,,,,,,,,,,,,,,,,,,,,,,,,,,,,
global,2018,Onshore wind,0.05055,2020,,,,,,,,,,,,,,,,,,,,,,,,,,,,,,,,,,,,,,,,,
global,2018,Onshore wind,0.05036,2020,,,,,,,,,,,,,,,,,,,,,,,,,,,,,,,,,,,,,,,,,
global,2019,Onshore wind,0.04513,2020,,,,,,,,,,,,,,,,,,,,,,,,,,,,,,,,,,,,,,,,,
global,2019,Onshore wind,0.04529,2020,,,,,,,,,,,,,,,,,,,,,,,,,,,,,,,,,,,,,,,,,
global,2020,Onshore wind,0.03929,2020,,,,,,,,,,,,,,,,,,,,,,,,,,,,,,,,,,,,,,,,,
global,2020,Onshore wind,0.04076,2020,,,,,,,,,,,,,,,,,,,,,,,,,,,,,,,,,,,,,,,,,
global,2021,Onshore wind,0.04340,2019,,,,,,,,,,,,,,,,,,,,,,,,,,,,,,,,,,,,,,,,,
Italy,1984,Onshore wind,,2020,,,,,,,,,,,,,,,,,,,,,,,,,,,,,,,,,,,,,,,,,
Italy,1985,Onshore wind,,2020,,,,,,,,,,,,,,,,,,,,,,,,,,,,,,,,,,,,,,,,,
Italy,1986,Onshore wind,,2020,,,,,,,,,,,,,,,,,,,,,,,,,,,,,,,,,,,,,,,,,
Italy,1987,Onshore wind,,2020,,,,,,,,,,,,,,,,,,,,,,,,,,,,,,,,,,,,,,,,,
Italy,1988,Onshore wind,,2020,,,,,,,,,,,,,,,,,,,,,,,,,,,,,,,,,,,,,,,,,
Italy,1989,Onshore wind,0.21154,2020,,,,,,,,,,,,,,,,,,,,,,,,,,,,,,,,,,,,,,,,,
Italy,1990,Onshore wind,,2020,,,,,,,,,,,,,,,,,,,,,,,,,,,,,,,,,,,,,,,,,
Italy,1991,Onshore wind,0.20532,2020,,,,,,,,,,,,,,,,,,,,,,,,,,,,,,,,,,,,,,,,,
Italy,1992,Onshore wind,0.20656,2020,,,,,,,,,,,,,,,,,,,,,,,,,,,,,,,,,,,,,,,,,
Italy,1993,Onshore wind,0.20199,2020,,,,,,,,,,,,,,,,,,,,,,,,,,,,,,,,,,,,,,,,,
Italy,1994,Onshore wind,0.19002,2020,,,,,,,,,,,,,,,,,,,,,,,,,,,,,,,,,,,,,,,,,
Italy,1995,Onshore wind,0.17991,2020,,,,,,,,,,,,,,,,,,,,,,,,,,,,,,,,,,,,,,,,,
Italy,1996,Onshore wind,0.18245,2020,,,,,,,,,,,,,,,,,,,,,,,,,,,,,,,,,,,,,,,,,
Italy,1997,Onshore wind,0.17168,2020,,,,,,,,,,,,,,,,,,,,,,,,,,,,,,,,,,,,,,,,,
Italy,1998,Onshore wind,0.15987,2020,,,,,,,,,,,,,,,,,,,,,,,,,,,,,,,,,,,,,,,,,
Italy,1999,Onshore wind,0.15252,2020,,,,,,,,,,,,,,,,,,,,,,,,,,,,,,,,,,,,,,,,,
Italy,2000,Onshore wind,0.14610,2020,,,,,,,,,,,,,,,,,,,,,,,,,,,,,,,,,,,,,,,,,
Italy,2001,Onshore wind,0.12617,2020,,,,,,,,,,,,,,,,,,,,,,,,,,,,,,,,,,,,,,,,,
Italy,2002,Onshore wind,0.13642,2020,,,,,,,,,,,,,,,,,,,,,,,,,,,,,,,,,,,,,,,,,
Italy,2003,Onshore wind,0.12744,2020,,,,,,,,,,,,,,,,,,,,,,,,,,,,,,,,,,,,,,,,,
Italy,2004,Onshore wind,0.11286,2020,,,,,,,,,,,,,,,,,,,,,,,,,,,,,,,,,,,,,,,,,
Italy,2005,Onshore wind,0.12390,2020,,,,,,,,,,,,,,,,,,,,,,,,,,,,,,,,,,,,,,,,,
Italy,2006,Onshore wind,0.12248,2020,,,,,,,,,,,,,,,,,,,,,,,,,,,,,,,,,,,,,,,,,
Italy,2007,Onshore wind,0.12317,2020,,,,,,,,,,,,,,,,,,,,,,,,,,,,,,,,,,,,,,,,,
Italy,2008,Onshore wind,0.11627,2020,,,,,,,,,,,,,,,,,,,,,,,,,,,,,,,,,,,,,,,,,
Italy,2009,Onshore wind,0.12823,2020,,,,,,,,,,,,,,,,,,,,,,,,,,,,,,,,,,,,,,,,,
Italy,2010,Onshore wind,0.11911,2020,,,,,,,,,,,,,,,,,,,,,,,,,,,,,,,,,,,,,,,,,
Italy,2011,Onshore wind,0.13782,2020,,,,,,,,,,,,,,,,,,,,,,,,,,,,,,,,,,,,,,,,,
Italy,2012,Onshore wind,0.12630,2020,,,,,,,,,,,,,,,,,,,,,,,,,,,,,,,,,,,,,,,,,
Italy,2013,Onshore wind,0.08914,2020,,,,,,,,,,,,,,,,,,,,,,,,,,,,,,,,,,,,,,,,,
Italy,2014,Onshore wind,0.08637,2020,,,,,,,,,,,,,,,,,,,,,,,,,,,,,,,,,,,,,,,,,
Italy,2015,Onshore wind,0.08648,2020,,,,,,,,,,,,,,,,,,,,,,,,,,,,,,,,,,,,,,,,,
Italy,2016,Onshore wind,0.06747,2020,,,,,,,,,,,,,,,,,,,,,,,,,,,,,,,,,,,,,,,,,
Italy,2017,Onshore wind,0.08620,2020,,,,,,,,,,,,,,,,,,,,,,,,,,,,,,,,,,,,,,,,,
Italy,2018,Onshore wind,0.05688,2020,,,,,,,,,,,,,,,,,,,,,,,,,,,,,,,,,,,,,,,,,
Italy,2019,Onshore wind,0.05353,2020,,,,,,,,,,,,,,,,,,,,,,,,,,,,,,,,,,,,,,,,,
Italy,2020,Onshore wind,0.05465,2020,,,,,,,,,,,,,,,,,,,,,,,,,,,,,,,,,,,,,,,,,
Spain,1984,Onshore wind,,2020,,,,,,,,,,,,,,,,,,,,,,,,,,,,,,,,,,,,,,,,,
Spain,1985,Onshore wind,,2020,,,,,,,,,,,,,,,,,,,,,,,,,,,,,,,,,,,,,,,,,
Spain,1986,Onshore wind,,2020,,,,,,,,,,,,,,,,,,,,,,,,,,,,,,,,,,,,,,,,,
Spain,1987,Onshore wind,,2020,,,,,,,,,,,,,,,,,,,,,,,,,,,,,,,,,,,,,,,,,
Spain,1988,Onshore wind,,2020,,,,,,,,,,,,,,,,,,,,,,,,,,,,,,,,,,,,,,,,,
Spain,1989,Onshore wind,,2020,,,,,,,,,,,,,,,,,,,,,,,,,,,,,,,,,,,,,,,,,
Spain,1990,Onshore wind,0.17891,2020,,,,,,,,,,,,,,,,,,,,,,,,,,,,,,,,,,,,,,,,,
Spain,1991,Onshore wind,0.17761,2020,,,,,,,,,,,,,,,,,,,,,,,,,,,,,,,,,,,,,,,,,
Spain,1992,Onshore wind,0.16030,2020,,,,,,,,,,,,,,,,,,,,,,,,,,,,,,,,,,,,,,,,,
Spain,1993,Onshore wind,0.15700,2020,,,,,,,,,,,,,,,,,,,,,,,,,,,,,,,,,,,,,,,,,
Spain,1994,Onshore wind,0.14836,2020,,,,,,,,,,,,,,,,,,,,,,,,,,,,,,,,,,,,,,,,,
Spain,1995,Onshore wind,0.14105,2020,,,,,,,,,,,,,,,,,,,,,,,,,,,,,,,,,,,,,,,,,
Spain,1996,Onshore wind,0.13775,2020,,,,,,,,,,,,,,,,,,,,,,,,,,,,,,,,,,,,,,,,,
Spain,1997,Onshore wind,0.13511,2020,,,,,,,,,,,,,,,,,,,,,,,,,,,,,,,,,,,,,,,,,
Spain,1998,Onshore wind,0.12155,2020,,,,,,,,,,,,,,,,,,,,,,,,,,,,,,,,,,,,,,,,,
Spain,1999,Onshore wind,0.11430,2020,,,,,,,,,,,,,,,,,,,,,,,,,,,,,,,,,,,,,,,,,
Spain,2000,Onshore wind,0.11693,2020,,,,,,,,,,,,,,,,,,,,,,,,,,,,,,,,,,,,,,,,,
Spain,2001,Onshore wind,0.11327,2020,,,,,,,,,,,,,,,,,,,,,,,,,,,,,,,,,,,,,,,,,
Spain,2002,Onshore wind,0.10656,2020,,,,,,,,,,,,,,,,,,,,,,,,,,,,,,,,,,,,,,,,,
Spain,2003,Onshore wind,0.10354,2020,,,,,,,,,,,,,,,,,,,,,,,,,,,,,,,,,,,,,,,,,
Spain,2004,Onshore wind,0.11212,2020,,,,,,,,,,,,,,,,,,,,,,,,,,,,,,,,,,,,,,,,,
Spain,2005,Onshore wind,0.10714,2020,,,,,,,,,,,,,,,,,,,,,,,,,,,,,,,,,,,,,,,,,
Spain,2006,Onshore wind,0.11012,2020,,,,,,,,,,,,,,,,,,,,,,,,,,,,,,,,,,,,,,,,,
Spain,2007,Onshore wind,0.12516,2020,,,,,,,,,,,,,,,,,,,,,,,,,,,,,,,,,,,,,,,,,
Spain,2008,Onshore wind,0.10836,2020,,,,,,,,,,,,,,,,,,,,,,,,,,,,,,,,,,,,,,,,,
Spain,2009,Onshore wind,0.10685,2020,,,,,,,,,,,,,,,,,,,,,,,,,,,,,,,,,,,,,,,,,
Spain,2010,Onshore wind,0.11007,2020,,,,,,,,,,,,,,,,,,,,,,,,,,,,,,,,,,,,,,,,,
Spain,2011,Onshore wind,0.10248,2020,,,,,,,,,,,,,,,,,,,,,,,,,,,,,,,,,,,,,,,,,
Spain,2012,Onshore wind,0.08962,2020,,,,,,,,,,,,,,,,,,,,,,,,,,,,,,,,,,,,,,,,,
Spain,2013,Onshore wind,0.08703,2020,,,,,,,,,,,,,,,,,,,,,,,,,,,,,,,,,,,,,,,,,
Spain,2014,Onshore wind,0.07343,2020,,,,,,,,,,,,,,,,,,,,,,,,,,,,,,,,,,,,,,,,,
Spain,2015,Onshore wind,0.06183,2020,,,,,,,,,,,,,,,,,,,,,,,,,,,,,,,,,,,,,,,,,
Spain,2016,Onshore wind,0.05866,2020,,,,,,,,,,,,,,,,,,,,,,,,,,,,,,,,,,,,,,,,,
Spain,2017,Onshore wind,0.05982,2020,,,,,,,,,,,,,,,,,,,,,,,,,,,,,,,,,,,,,,,,,
Spain,2018,Onshore wind,0.08251,2020,,,,,,,,,,,,,,,,,,,,,,,,,,,,,,,,,,,,,,,,,
Spain,2019,Onshore wind,0.04491,2020,,,,,,,,,,,,,,,,,,,,,,,,,,,,,,,,,,,,,,,,,
Spain,2020,Onshore wind,0.03746,2020,,,,,,,,,,,,,,,,,,,,,,,,,,,,,,,,,,,,,,,,,
Sweden,1984,Onshore wind,0.24353,2020,,,,,,,,,,,,,,,,,,,,,,,,,,,,,,,,,,,,,,,,,
Sweden,1985,Onshore wind,,2020,,,,,,,,,,,,,,,,,,,,,,,,,,,,,,,,,,,,,,,,,
Sweden,1986,Onshore wind,,2020,,,,,,,,,,,,,,,,,,,,,,,,,,,,,,,,,,,,,,,,,
Sweden,1987,Onshore wind,,2020,,,,,,,,,,,,,,,,,,,,,,,,,,,,,,,,,,,,,,,,,
Sweden,1988,Onshore wind,,2020,,,,,,,,,,,,,,,,,,,,,,,,,,,,,,,,,,,,,,,,,
Sweden,1989,Onshore wind,,2020,,,,,,,,,,,,,,,,,,,,,,,,,,,,,,,,,,,,,,,,,
Sweden,1990,Onshore wind,0.21443,2020,,,,,,,,,,,,,,,,,,,,,,,,,,,,,,,,,,,,,,,,,
Sweden,1991,Onshore wind,0.20532,2020,,,,,,,,,,,,,,,,,,,,,,,,,,,,,,,,,,,,,,,,,
Sweden,1992,Onshore wind,0.20656,2020,,,,,,,,,,,,,,,,,,,,,,,,,,,,,,,,,,,,,,,,,
Sweden,1993,Onshore wind,0.20199,2020,,,,,,,,,,,,,,,,,,,,,,,,,,,,,,,,,,,,,,,,,
Sweden,1994,Onshore wind,0.19002,2020,,,,,,,,,,,,,,,,,,,,,,,,,,,,,,,,,,,,,,,,,
Sweden,1995,Onshore wind,0.17991,2020,,,,,,,,,,,,,,,,,,,,,,,,,,,,,,,,,,,,,,,,,
Sweden,1996,Onshore wind,0.18245,2020,,,,,,,,,,,,,,,,,,,,,,,,,,,,,,,,,,,,,,,,,
Sweden,1997,Onshore wind,0.17168,2020,,,,,,,,,,,,,,,,,,,,,,,,,,,,,,,,,,,,,,,,,
Sweden,1998,Onshore wind,0.15987,2020,,,,,,,,,,,,,,,,,,,,,,,,,,,,,,,,,,,,,,,,,
Sweden,1999,Onshore wind,0.15252,2020,,,,,,,,,,,,,,,,,,,,,,,,,,,,,,,,,,,,,,,,,
Sweden,2000,Onshore wind,,2020,,,,,,,,,,,,,,,,,,,,,,,,,,,,,,,,,,,,,,,,,
Sweden,2001,Onshore wind,0.12617,2020,,,,,,,,,,,,,,,,,,,,,,,,,,,,,,,,,,,,,,,,,
Sweden,2002,Onshore wind,0.13980,2020,,,,,,,,,,,,,,,,,,,,,,,,,,,,,,,,,,,,,,,,,
Sweden,2003,Onshore wind,0.11019,2020,,,,,,,,,,,,,,,,,,,,,,,,,,,,,,,,,,,,,,,,,
Sweden,2004,Onshore wind,0.12263,2020,,,,,,,,,,,,,,,,,,,,,,,,,,,,,,,,,,,,,,,,,
Sweden,2005,Onshore wind,0.12548,2020,,,,,,,,,,,,,,,,,,,,,,,,,,,,,,,,,,,,,,,,,
Sweden,2006,Onshore wind,0.12548,2020,,,,,,,,,,,,,,,,,,,,,,,,,,,,,,,,,,,,,,,,,
Sweden,2007,Onshore wind,0.11652,2020,,,,,,,,,,,,,,,,,,,,,,,,,,,,,,,,,,,,,,,,,
Sweden,2008,Onshore wind,0.11588,2020,,,,,,,,,,,,,,,,,,,,,,,,,,,,,,,,,,,,,,,,,
Sweden,2009,Onshore wind,0.10881,2020,,,,,,,,,,,,,,,,,,,,,,,,,,,,,,,,,,,,,,,,,
Sweden,2010,Onshore wind,0.09937,2020,,,,,,,,,,,,,,,,,,,,,,,,,,,,,,,,,,,,,,,,,
Sweden,2011,Onshore wind,0.09012,2020,,,,,,,,,,,,,,,,,,,,,,,,,,,,,,,,,,,,,,,,,
Sweden,2012,Onshore wind,0.09018,2020,,,,,,,,,,,,,,,,,,,,,,,,,,,,,,,,,,,,,,,,,
Sweden,2013,Onshore wind,0.07386,2020,,,,,,,,,,,,,,,,,,,,,,,,,,,,,,,,,,,,,,,,,
Sweden,2014,Onshore wind,0.07945,2020,,,,,,,,,,,,,,,,,,,,,,,,,,,,,,,,,,,,,,,,,
Sweden,2015,Onshore wind,0.06990,2020,,,,,,,,,,,,,,,,,,,,,,,,,,,,,,,,,,,,,,,,,
Sweden,2016,Onshore wind,0.06020,2020,,,,,,,,,,,,,,,,,,,,,,,,,,,,,,,,,,,,,,,,,
Sweden,2017,Onshore wind,0.05420,2020,,,,,,,,,,,,,,,,,,,,,,,,,,,,,,,,,,,,,,,,,
Sweden,2018,Onshore wind,0.04084,2020,,,,,,,,,,,,,,,,,,,,,,,,,,,,,,,,,,,,,,,,,
Sweden,2019,Onshore wind,0.04073,2020,,,,,,,,,,,,,,,,,,,,,,,,,,,,,,,,,,,,,,,,,
Sweden,2020,Onshore wind,0.04016,2020,,,,,,,,,,,,,,,,,,,,,,,,,,,,,,,,,,,,,,,,,
UK,1984,Onshore wind,,2020,,,,,,,,,,,,,,,,,,,,,,,,,,,,,,,,,,,,,,,,,
UK,1985,Onshore wind,,2020,,,,,,,,,,,,,,,,,,,,,,,,,,,,,,,,,,,,,,,,,
UK,1986,Onshore wind,,2020,,,,,,,,,,,,,,,,,,,,,,,,,,,,,,,,,,,,,,,,,
UK,1987,Onshore wind,,2020,,,,,,,,,,,,,,,,,,,,,,,,,,,,,,,,,,,,,,,,,
UK,1988,Onshore wind,,2020,,,,,,,,,,,,,,,,,,,,,,,,,,,,,,,,,,,,,,,,,
UK,1989,Onshore wind,0.21154,2020,,,,,,,,,,,,,,,,,,,,,,,,,,,,,,,,,,,,,,,,,
UK,1990,Onshore wind,0.21443,2020,,,,,,,,,,,,,,,,,,,,,,,,,,,,,,,,,,,,,,,,,
UK,1991,Onshore wind,0.20532,2020,,,,,,,,,,,,,,,,,,,,,,,,,,,,,,,,,,,,,,,,,
UK,1992,Onshore wind,0.20693,2020,,,,,,,,,,,,,,,,,,,,,,,,,,,,,,,,,,,,,,,,,
UK,1993,Onshore wind,0.18979,2020,,,,,,,,,,,,,,,,,,,,,,,,,,,,,,,,,,,,,,,,,
UK,1994,Onshore wind,0.19002,2020,,,,,,,,,,,,,,,,,,,,,,,,,,,,,,,,,,,,,,,,,
UK,1995,Onshore wind,0.17991,2020,,,,,,,,,,,,,,,,,,,,,,,,,,,,,,,,,,,,,,,,,
UK,1996,Onshore wind,0.18245,2020,,,,,,,,,,,,,,,,,,,,,,,,,,,,,,,,,,,,,,,,,
UK,1997,Onshore wind,0.17168,2020,,,,,,,,,,,,,,,,,,,,,,,,,,,,,,,,,,,,,,,,,
UK,1998,Onshore wind,0.15987,2020,,,,,,,,,,,,,,,,,,,,,,,,,,,,,,,,,,,,,,,,,
UK,1999,Onshore wind,0.15252,2020,,,,,,,,,,,,,,,,,,,,,,,,,,,,,,,,,,,,,,,,,
UK,2000,Onshore wind,0.10941,2020,,,,,,,,,,,,,,,,,,,,,,,,,,,,,,,,,,,,,,,,,
UK,2001,Onshore wind,0.12161,2020,,,,,,,,,,,,,,,,,,,,,,,,,,,,,,,,,,,,,,,,,
UK,2002,Onshore wind,0.12345,2020,,,,,,,,,,,,,,,,,,,,,,,,,,,,,,,,,,,,,,,,,
UK,2003,Onshore wind,0.12744,2020,,,,,,,,,,,,,,,,,,,,,,,,,,,,,,,,,,,,,,,,,
UK,2004,Onshore wind,0.13695,2020,,,,,,,,,,,,,,,,,,,,,,,,,,,,,,,,,,,,,,,,,
UK,2005,Onshore wind,0.12679,2020,,,,,,,,,,,,,,,,,,,,,,,,,,,,,,,,,,,,,,,,,
UK,2006,Onshore wind,0.12695,2020,,,,,,,,,,,,,,,,,,,,,,,,,,,,,,,,,,,,,,,,,
UK,2007,Onshore wind,0.12177,2020,,,,,,,,,,,,,,,,,,,,,,,,,,,,,,,,,,,,,,,,,
UK,2008,Onshore wind,0.11870,2020,,,,,,,,,,,,,,,,,,,,,,,,,,,,,,,,,,,,,,,,,
UK,2009,Onshore wind,0.06677,2020,,,,,,,,,,,,,,,,,,,,,,,,,,,,,,,,,,,,,,,,,
UK,2010,Onshore wind,0.09147,2020,,,,,,,,,,,,,,,,,,,,,,,,,,,,,,,,,,,,,,,,,
UK,2011,Onshore wind,0.09304,2020,,,,,,,,,,,,,,,,,,,,,,,,,,,,,,,,,,,,,,,,,
UK,2012,Onshore wind,0.08536,2020,,,,,,,,,,,,,,,,,,,,,,,,,,,,,,,,,,,,,,,,,
UK,2013,Onshore wind,0.08606,2020,,,,,,,,,,,,,,,,,,,,,,,,,,,,,,,,,,,,,,,,,
UK,2014,Onshore wind,0.08287,2020,,,,,,,,,,,,,,,,,,,,,,,,,,,,,,,,,,,,,,,,,
UK,2015,Onshore wind,0.07767,2020,,,,,,,,,,,,,,,,,,,,,,,,,,,,,,,,,,,,,,,,,
UK,2016,Onshore wind,0.06915,2020,,,,,,,,,,,,,,,,,,,,,,,,,,,,,,,,,,,,,,,,,
UK,2017,Onshore wind,0.06777,2020,,,,,,,,,,,,,,,,,,,,,,,,,,,,,,,,,,,,,,,,,
UK,2018,Onshore wind,0.05053,2020,,,,,,,,,,,,,,,,,,,,,,,,,,,,,,,,,,,,,,,,,
UK,2019,Onshore wind,0.06092,2020,,,,,,,,,,,,,,,,,,,,,,,,,,,,,,,,,,,,,,,,,
UK,2020,Onshore wind,0.05160,2020,,,,,,,,,,,,,,,,,,,,,,,,,,,,,,,,,,,,,,,,,
Eurasia,2016,Solar Photovoltaic,0.16637,2016,,,,,,,,,,,,,,,,,,,,,,,,,,,,,,,,,,,,,,,,,
Eurasia,2017,Solar Photovoltaic,0.16637,2016,,,,,,,,,,,,,,,,,,,,,,,,,,,,,,,,,,,,,,,,,
Europe,2016,Solar Photovoltaic,0.13205,2016,,,,,,,,,,,,,,,,,,,,,,,,,,,,,,,,,,,,,,,,,
Europe,2017,Solar Photovoltaic,0.13205,2016,,,,,,,,,,,,,,,,,,,,,,,,,,,,,,,,,,,,,,,,,
France,2010,Solar Photovoltaic,0.35536,2020,,,,,,,,,,,,,,,,,,,,,,,,,,,,,,,,,,,,,,,,,
France,2011,Solar Photovoltaic,0.37061,2020,,,,,,,,,,,,,,,,,,,,,,,,,,,,,,,,,,,,,,,,,
France,2012,Solar Photovoltaic,0.40185,2020,,,,,,,,,,,,,,,,,,,,,,,,,,,,,,,,,,,,,,,,,
France,2013,Solar Photovoltaic,0.23587,2020,,,,,,,,,,,,,,,,,,,,,,,,,,,,,,,,,,,,,,,,,
France,2014,Solar Photovoltaic,0.16126,2020,,,,,,,,,,,,,,,,,,,,,,,,,,,,,,,,,,,,,,,,,
France,2015,Solar Photovoltaic,0.11599,2020,,,,,,,,,,,,,,,,,,,,,,,,,,,,,,,,,,,,,,,,,
France,2016,Solar Photovoltaic,0.09363,2020,,,,,,,,,,,,,,,,,,,,,,,,,,,,,,,,,,,,,,,,,
France,2017,Solar Photovoltaic,0.08607,2020,,,,,,,,,,,,,,,,,,,,,,,,,,,,,,,,,,,,,,,,,
France,2018,Solar Photovoltaic,0.07451,2020,,,,,,,,,,,,,,,,,,,,,,,,,,,,,,,,,,,,,,,,,
France,2019,Solar Photovoltaic,0.07026,2020,,,,,,,,,,,,,,,,,,,,,,,,,,,,,,,,,,,,,,,,,
France,2020,Solar Photovoltaic,0.06408,2020,,,,,,,,,,,,,,,,,,,,,,,,,,,,,,,,,,,,,,,,,
Germany,2010,Solar Photovoltaic,0.33758,2020,,,,,,,,,,,,,,,,,,,,,,,,,,,,,,,,,,,,,,,,,
Germany,2011,Solar Photovoltaic,0.29241,2020,,,,,,,,,,,,,,,,,,,,,,,,,,,,,,,,,,,,,,,,,
Germany,2012,Solar Photovoltaic,0.24008,2020,,,,,,,,,,,,,,,,,,,,,,,,,,,,,,,,,,,,,,,,,
Germany,2013,Solar Photovoltaic,0.19438,2020,,,,,,,,,,,,,,,,,,,,,,,,,,,,,,,,,,,,,,,,,
Germany,2014,Solar Photovoltaic,0.14599,2020,,,,,,,,,,,,,,,,,,,,,,,,,,,,,,,,,,,,,,,,,
Germany,2015,Solar Photovoltaic,0.11794,2020,,,,,,,,,,,,,,,,,,,,,,,,,,,,,,,,,,,,,,,,,
Germany,2016,Solar Photovoltaic,0.10523,2020,,,,,,,,,,,,,,,,,,,,,,,,,,,,,,,,,,,,,,,,,
Germany,2017,Solar Photovoltaic,0.09867,2020,,,,,,,,,,,,,,,,,,,,,,,,,,,,,,,,,,,,,,,,,
Germany,2018,Solar Photovoltaic,0.09594,2020,,,,,,,,,,,,,,,,,,,,,,,,,,,,,,,,,,,,,,,,,
Germany,2019,Solar Photovoltaic,0.07866,2020,,,,,,,,,,,,,,,,,,,,,,,,,,,,,,,,,,,,,,,,,
Germany,2020,Solar Photovoltaic,0.06629,2020,,,,,,,,,,,,,,,,,,,,,,,,,,,,,,,,,,,,,,,,,
global,2010,Solar Photovoltaic,0.38056,2020,,,,,,,,,,,,,,,,,,,,,,,,,,,,,,,,,,,,,,,,,
global,2011,Solar Photovoltaic,0.28926,2020,,,,,,,,,,,,,,,,,,,,,,,,,,,,,,,,,,,,,,,,,
global,2012,Solar Photovoltaic,0.21746,2020,,,,,,,,,,,,,,,,,,,,,,,,,,,,,,,,,,,,,,,,,
global,2013,Solar Photovoltaic,0.16812,2020,,,,,,,,,,,,,,,,,,,,,,,,,,,,,,,,,,,,,,,,,
global,2014,Solar Photovoltaic,0.15429,2020,,,,,,,,,,,,,,,,,,,,,,,,,,,,,,,,,,,,,,,,,
global,2015,Solar Photovoltaic,0.11731,2020,,,,,,,,,,,,,,,,,,,,,,,,,,,,,,,,,,,,,,,,,
global,2016,Solar Photovoltaic,0.10383,2020,,,,,,,,,,,,,,,,,,,,,,,,,,,,,,,,,,,,,,,,,
global,2017,Solar Photovoltaic,0.08343,2020,,,,,,,,,,,,,,,,,,,,,,,,,,,,,,,,,,,,,,,,,
global,2018,Solar Photovoltaic,0.07043,2020,,,,,,,,,,,,,,,,,,,,,,,,,,,,,,,,,,,,,,,,,
global,2019,Solar Photovoltaic,0.06094,2020,,,,,,,,,,,,,,,,,,,,,,,,,,,,,,,,,,,,,,,,,
global,2020,Solar Photovoltaic,0.05667,2020,,,,,,,,,,,,,,,,,,,,,,,,,,,,,,,,,,,,,,,,,
global,2021,Solar Photovoltaic,0.03930,2019,,,,,,,,,,,,,,,,,,,,,,,,,,,,,,,,,,,,,,,,,
Italy,2010,Solar Photovoltaic,0.37960,2020,,,,,,,,,,,,,,,,,,,,,,,,,,,,,,,,,,,,,,,,,
Italy,2011,Solar Photovoltaic,0.36552,2020,,,,,,,,,,,,,,,,,,,,,,,,,,,,,,,,,,,,,,,,,
Italy,2012,Solar Photovoltaic,0.18620,2020,,,,,,,,,,,,,,,,,,,,,,,,,,,,,,,,,,,,,,,,,
Italy,2013,Solar Photovoltaic,0.16714,2020,,,,,,,,,,,,,,,,,,,,,,,,,,,,,,,,,,,,,,,,,
Italy,2014,Solar Photovoltaic,0.13991,2020,,,,,,,,,,,,,,,,,,,,,,,,,,,,,,,,,,,,,,,,,
Italy,2015,Solar Photovoltaic,,2020,,,,,,,,,,,,,,,,,,,,,,,,,,,,,,,,,,,,,,,,,
Italy,2016,Solar Photovoltaic,,2020,,,,,,,,,,,,,,,,,,,,,,,,,,,,,,,,,,,,,,,,,
Italy,2017,Solar Photovoltaic,0.07211,2020,,,,,,,,,,,,,,,,,,,,,,,,,,,,,,,,,,,,,,,,,
Italy,2018,Solar Photovoltaic,0.06409,2020,,,,,,,,,,,,,,,,,,,,,,,,,,,,,,,,,,,,,,,,,
Italy,2019,Solar Photovoltaic,0.06016,2020,,,,,,,,,,,,,,,,,,,,,,,,,,,,,,,,,,,,,,,,,
Italy,2020,Solar Photovoltaic,0.05788,2020,,,,,,,,,,,,,,,,,,,,,,,,,,,,,,,,,,,,,,,,,
Netherlands,2010,Solar Photovoltaic,,2020,,,,,,,,,,,,,,,,,,,,,,,,,,,,,,,,,,,,,,,,,
Netherlands,2011,Solar Photovoltaic,,2020,,,,,,,,,,,,,,,,,,,,,,,,,,,,,,,,,,,,,,,,,
Netherlands,2012,Solar Photovoltaic,,2020,,,,,,,,,,,,,,,,,,,,,,,,,,,,,,,,,,,,,,,,,
Netherlands,2013,Solar Photovoltaic,,2020,,,,,,,,,,,,,,,,,,,,,,,,,,,,,,,,,,,,,,,,,
Netherlands,2014,Solar Photovoltaic,,2020,,,,,,,,,,,,,,,,,,,,,,,,,,,,,,,,,,,,,,,,,
Netherlands,2015,Solar Photovoltaic,,2020,,,,,,,,,,,,,,,,,,,,,,,,,,,,,,,,,,,,,,,,,
Netherlands,2016,Solar Photovoltaic,0.12544,2020,,,,,,,,,,,,,,,,,,,,,,,,,,,,,,,,,,,,,,,,,
Netherlands,2017,Solar Photovoltaic,0.14506,2020,,,,,,,,,,,,,,,,,,,,,,,,,,,,,,,,,,,,,,,,,
Netherlands,2018,Solar Photovoltaic,0.11303,2020,,,,,,,,,,,,,,,,,,,,,,,,,,,,,,,,,,,,,,,,,
Netherlands,2019,Solar Photovoltaic,0.11125,2020,,,,,,,,,,,,,,,,,,,,,,,,,,,,,,,,,,,,,,,,,
Netherlands,2020,Solar Photovoltaic,0.10739,2020,,,,,,,,,,,,,,,,,,,,,,,,,,,,,,,,,,,,,,,,,
Spain,2010,Solar Photovoltaic,0.29237,2020,,,,,,,,,,,,,,,,,,,,,,,,,,,,,,,,,,,,,,,,,
Spain,2011,Solar Photovoltaic,0.20599,2020,,,,,,,,,,,,,,,,,,,,,,,,,,,,,,,,,,,,,,,,,
Spain,2012,Solar Photovoltaic,0.16803,2020,,,,,,,,,,,,,,,,,,,,,,,,,,,,,,,,,,,,,,,,,
Spain,2013,Solar Photovoltaic,0.12991,2020,,,,,,,,,,,,,,,,,,,,,,,,,,,,,,,,,,,,,,,,,
Spain,2014,Solar Photovoltaic,0.12635,2020,,,,,,,,,,,,,,,,,,,,,,,,,,,,,,,,,,,,,,,,,
Spain,2015,Solar Photovoltaic,0.07458,2020,,,,,,,,,,,,,,,,,,,,,,,,,,,,,,,,,,,,,,,,,
Spain,2016,Solar Photovoltaic,,2020,,,,,,,,,,,,,,,,,,,,,,,,,,,,,,,,,,,,,,,,,
Spain,2017,Solar Photovoltaic,,2020,,,,,,,,,,,,,,,,,,,,,,,,,,,,,,,,,,,,,,,,,
Spain,2018,Solar Photovoltaic,,2020,,,,,,,,,,,,,,,,,,,,,,,,,,,,,,,,,,,,,,,,,
Spain,2019,Solar Photovoltaic,0.04942,2020,,,,,,,,,,,,,,,,,,,,,,,,,,,,,,,,,,,,,,,,,
Spain,2020,Solar Photovoltaic,0.04606,2020,,,,,,,,,,,,,,,,,,,,,,,,,,,,,,,,,,,,,,,,,
Switzerland,2010,Solar Photovoltaic,,2020,Households,,,,,,,,,,,,,,,,,,,,,,,,,,,,,,,,,,,,,,,,
Switzerland,2011,Solar Photovoltaic,,2020,Households,,,,,,,,,,,,,,,,,,,,,,,,,,,,,,,,,,,,,,,,
Switzerland,2012,Solar Photovoltaic,,2020,Households,,,,,,,,,,,,,,,,,,,,,,,,,,,,,,,,,,,,,,,,
Switzerland,2013,Solar Photovoltaic,0.30700,2020,Households,,,,,,,,,,,,,,,,,,,,,,,,,,,,,,,,,,,,,,,,
Switzerland,2014,Solar Photovoltaic,0.27700,2020,Households,,,,,,,,,,,,,,,,,,,,,,,,,,,,,,,,,,,,,,,,
Switzerland,2015,Solar Photovoltaic,0.26200,2020,Households,,,,,,,,,,,,,,,,,,,,,,,,,,,,,,,,,,,,,,,,
Switzerland,2016,Solar Photovoltaic,0.25800,2020,Households,,,,,,,,,,,,,,,,,,,,,,,,,,,,,,,,,,,,,,,,
Switzerland,2017,Solar Photovoltaic,0.25200,2020,Households,,,,,,,,,,,,,,,,,,,,,,,,,,,,,,,,,,,,,,,,
Switzerland,2018,Solar Photovoltaic,0.23000,2020,Households,,,,,,,,,,,,,,,,,,,,,,,,,,,,,,,,,,,,,,,,
Switzerland,2019,Solar Photovoltaic,0.21600,2020,Households,,,,,,,,,,,,,,,,,,,,,,,,,,,,,,,,,,,,,,,,
Switzerland,2020,Solar Photovoltaic,0.21100,2020,Households,,,,,,,,,,,,,,,,,,,,,,,,,,,,,,,,,,,,,,,,
UK,2010,Solar Photovoltaic,0.47895,2020,,,,,,,,,,,,,,,,,,,,,,,,,,,,,,,,,,,,,,,,,
UK,2011,Solar Photovoltaic,0.45259,2020,,,,,,,,,,,,,,,,,,,,,,,,,,,,,,,,,,,,,,,,,
UK,2012,Solar Photovoltaic,0.27241,2020,,,,,,,,,,,,,,,,,,,,,,,,,,,,,,,,,,,,,,,,,
UK,2013,Solar Photovoltaic,0.22560,2020,,,,,,,,,,,,,,,,,,,,,,,,,,,,,,,,,,,,,,,,,
UK,2014,Solar Photovoltaic,0.18888,2020,,,,,,,,,,,,,,,,,,,,,,,,,,,,,,,,,,,,,,,,,
UK,2015,Solar Photovoltaic,0.15042,2020,,,,,,,,,,,,,,,,,,,,,,,,,,,,,,,,,,,,,,,,,
UK,2016,Solar Photovoltaic,0.14594,2020,,,,,,,,,,,,,,,,,,,,,,,,,,,,,,,,,,,,,,,,,
UK,2017,Solar Photovoltaic,0.12225,2020,,,,,,,,,,,,,,,,,,,,,,,,,,,,,,,,,,,,,,,,,
UK,2018,Solar Photovoltaic,0.12785,2020,,,,,,,,,,,,,,,,,,,,,,,,,,,,,,,,,,,,,,,,,
UK,2019,Solar Photovoltaic,0.09694,2020,,,,,,,,,,,,,,,,,,,,,,,,,,,,,,,,,,,,,,,,,
UK,2020,Solar Photovoltaic,0.08416,2020,,,,,,,,,,,,,,,,,,,,,,,,,,,,,,,,,,,,,,,,,
